{"nodes":{"node:6710":{"location":{"x":939,"y":-1110}},"node:6736":{"location":{"x":903,"y":72}},"node:6748":{"location":{"x":783,"y":627}},"node:6760":{"location":{"x":909,"y":-552}},"node:6778":{"location":{"x":-891,"y":1134}},"node:6790":{"location":{"x":-981,"y":1554}},"node:6812":{"location":{"x":2109,"y":315}},"node:6819":{"location":{"x":2052,"y":-1188}},"node:6820":{"location":{"x":708,"y":936}},"node:6821":{"location":{"x":-165,"y":1983}},"node:6840":{"location":{"x":-228,"y":1230}},"node:6859":{"location":{"x":2862,"y":1944}},"node:6860":{"location":{"x":2061,"y":1371}},"node:6875":{"location":{"x":2829,"y":1344}},"node:6894":{"location":{"x":1410,"y":1353}},"node:7109":{"location":{"x":1578,"y":-1095}},"node:7146":{"location":{"x":1572,"y":-540}},"node:7164":{"location":{"x":1530,"y":27}},"node:7182":{"location":{"x":1533,"y":591}},"node:7200":{"location":{"x":2367,"y":-1116}},"node:7219":{"location":{"x":2361,"y":-483}},"node:7238":{"location":{"x":2382,"y":141}},"node:7257":{"location":{"x":2364,"y":726}},"node:7291":{"location":{"x":4728,"y":-594}},"node:7292":{"location":{"x":3105,"y":-675}},"node:7307":{"location":{"x":3177,"y":168}},"node:7322":{"location":{"x":4845,"y":327}},"node:7338":{"location":{"x":3933,"y":-837}},"node:7357":{"location":{"x":3900,"y":54}},"node:7376":{"location":{"x":513,"y":1395}},"node:7394":{"location":{"x":792,"y":1161}}},"selection":["node:6710","node:6736","node:6790","node:6760","node:6778","node:6748"],"view":{"scroll":{"x":376.0653076171875,"y":-1455.686279296875},"zoom":0.499999970197677612}}